flipk_pdp_lst,flipk_given_lst,title_1,title_2
https://www.flipkart.com/x/p/k?pid=TOPGF2APHFZREUX8,https://www.flipkart.com/x/p/k?pid=TOPGF2APGFQEDY5Z,Casual Regular Sleeves Printed Women White Top,Casual Regular Sleeves Printed Women White Top
https://www.flipkart.com/x/p/k?pid=TSHGF29YQGYYFFTB,https://www.flipkart.com/x/p/k?pid=TSHGF29YX5ZCFEK2,"Women Printed Round Neck Red, White T-Shirt","Women Printed Round Neck Red, White T-Shirt"
https://www.flipkart.com/x/p/k?pid=TSHGCZPPEYHQYUBY,https://www.flipkart.com/x/p/k?pid=TSHGCZPPFU4ZC5GZ,Men Printed Round Neck Red T-Shirt,Men Printed Round Neck Red T-Shirt
https://www.flipkart.com/x/p/k?pid=TSHFJGJWMHH4ASUP,https://www.flipkart.com/x/p/k?pid=VESGFZJBBNDBVDUV,Sports Texas Fit Stranger Things Cotton T Shirt For Men & Boys Anti-Bacterial & Anti-Sweat Men Printed Round Neck Grey T-Shirt,Men Vest
https://www.flipkart.com/x/p/k?pid=TSHFJGJWMHH4ASUP,https://www.flipkart.com/x/p/k?pid=VESGFZJBBR3P6H5S,Sports Texas Fit Stranger Things Cotton T Shirt For Men & Boys Anti-Bacterial & Anti-Sweat Men Printed Round Neck Grey T-Shirt,Men Vest
https://www.flipkart.com/x/p/k?pid=TSHFJGJWMHH4ASUP,https://www.flipkart.com/x/p/k?pid=VESGFZJBDQNZSBYN,Sports Texas Fit Stranger Things Cotton T Shirt For Men & Boys Anti-Bacterial & Anti-Sweat Men Printed Round Neck Grey T-Shirt,Men Vest
https://www.flipkart.com/x/p/k?pid=TSHFJGJWMHH4ASUP,https://www.flipkart.com/x/p/k?pid=VESGFZJBZR4BJHX3,Sports Texas Fit Stranger Things Cotton T Shirt For Men & Boys Anti-Bacterial & Anti-Sweat Men Printed Round Neck Grey T-Shirt,Men Vest
https://www.flipkart.com/x/p/k?pid=SWSG6HHJF7GG7FGQ,https://www.flipkart.com/x/p/k?pid=TSHGGZDVDFPZGZAR,Women Full Sleeve Solid Sweatshirt,Women Tie & Dye Round Neck Maroon T-Shirt
,https://www.flipkart.com/x/p/k?pid=TSHGDYZF9P2Y3UXN,NA,Men Printed Round Neck Black T-Shirt
https://www.flipkart.com/x/p/k?pid=TKPGBDUDQGKRSRY7,https://www.flipkart.com/x/p/k?pid=TSHGFWBGFTFSAQJ2,Men Solid Black Track Pants,Men Printed Round Neck Multicolor T-Shirt
https://www.flipkart.com/x/p/k?pid=TSHGFRXWBHNZCCTG,https://www.flipkart.com/x/p/k?pid=DREG4CSJNZRZ9EF3,Women Solid Round Neck Black T-Shirt,Women T Shirt Black Dress
https://www.flipkart.com/x/p/k?pid=TSHG9WNQGHFZ9FMH,https://www.flipkart.com/x/p/k?pid=JCKGKK52XBFWZMBX,Women Printed Round Neck Yellow T-Shirt,Men Solid Puffer Jacket
https://www.flipkart.com/x/p/k?pid=CWDG45UWAQTZTZEZ,https://www.flipkart.com/x/p/k?pid=TSHGGEZDKWWZZGTP,NA,Men Printed Polo Neck Navy Blue T-Shirt
https://www.flipkart.com/x/p/k?pid=TOPFMGMTNERVZZHY,https://www.flipkart.com/x/p/k?pid=DREGD6CF32GB5FMM,Casual Roll Up Sleeves Solid Women Light Blue Top,Women T Shirt Black Dress
https://www.flipkart.com/x/p/k?pid=TSHG4NWSH6KRBP55,https://www.flipkart.com/x/p/k?pid=DREGEPWS2SNQMYGR,Women Printed Round Neck Pink T-Shirt,Women T Shirt White Dress
,https://www.flipkart.com/x/p/k?pid=NSTGD6CH5YGZ6F74,NA,Women Top & Shorts Set White Printed
https://www.flipkart.com/x/p/k?pid=TSHFVT9TSGHBK6FY,https://www.flipkart.com/x/p/k?pid=TOPGCYVHZ3THVUVZ,Thumb Cut Tee For Women Women Solid High Neck Black T-Shirt,Casual Regular Sleeves Printed Women Black Top
https://www.flipkart.com/x/p/k?pid=TOPGCYVGZ9U8NXVK,https://www.flipkart.com/x/p/k?pid=TOPGCYVG8ZFTWRZQ,Casual Regular Sleeves Printed Women White Top,Casual Regular Sleeves Printed Women Black Top
https://www.flipkart.com/x/p/k?pid=TSHFTN3FEZDPAG74,https://www.flipkart.com/x/p/k?pid=TOPGCYVEGU6YQVBW,Women Solid Round Neck White T-Shirt,Casual Regular Sleeves Printed Women White Top
https://www.flipkart.com/x/p/k?pid=TSHGEMR3UPXWJBTG,https://www.flipkart.com/x/p/k?pid=TSHGEMR3XX7CRCFN,Men Printed Round Neck Blue T-Shirt,Men Printed Round Neck Blue T-Shirt
https://www.flipkart.com/x/p/k?pid=TSHGDUYRTS8JATKY,https://www.flipkart.com/x/p/k?pid=TSHGDUYRAUWVHH8Z,Men Printed Round Neck Black T-Shirt,Men Printed Round Neck Black T-Shirt
https://www.flipkart.com/x/p/k?pid=TSHGDUYQ8ZV4JZ4P,https://www.flipkart.com/x/p/k?pid=TSHGDUYQNBMNTZDY,Men Printed Round Neck Black T-Shirt,Men Printed Round Neck Black T-Shirt
https://www.flipkart.com/x/p/k?pid=TSHGF2AYEFKRJ6BQ,https://www.flipkart.com/x/p/k?pid=TSHGF2AYZHPGQVUJ,Women Printed Round Neck Navy Blue T-Shirt,Women Printed Round Neck Navy Blue T-Shirt
https://www.flipkart.com/x/p/k?pid=TSHGG4FJK5WQSSSH,https://www.flipkart.com/x/p/k?pid=TSHGDUYQ9DNZC5FB,Levi'sMen's Crew Neck T-Shirt Men Graphic Print Crew Neck Blue T-Shirt,Men Printed Round Neck Black T-Shirt
https://www.flipkart.com/x/p/k?pid=TSHGEMZNXH3VCZMN,https://www.flipkart.com/x/p/k?pid=TSHGEMZNDKSFRJDR,Men Printed Round Neck Yellow T-Shirt,Men Printed Round Neck Yellow T-Shirt
https://www.flipkart.com/x/p/k?pid=TSHGG4FJAG9FWH2U,https://www.flipkart.com/x/p/k?pid=TSHGEMZNV4F2Q868,Levi'sMen's Crew Neck T-Shirt Men Solid Crew Neck White T-Shirt,Men Printed Round Neck White T-Shirt
https://www.flipkart.com/x/p/k?pid=TSHGG4FJGF2KWZMH,https://www.flipkart.com/x/p/k?pid=TSHGEMZZRR2KH5F9,Levi'sMen's Crew Neck T-Shirt Men Graphic Print Crew Neck Blue T-Shirt,Men Printed Round Neck Red T-Shirt
https://www.flipkart.com/x/p/k?pid=TSHGF9VASCNXK2VH,https://www.flipkart.com/x/p/k?pid=TSHGF9VAZGB7XYJZ,Women Printed Round Neck Black T-Shirt,Women Printed Round Neck Black T-Shirt
https://www.flipkart.com/x/p/k?pid=SHTGJQA68TDWZR6H,https://www.flipkart.com/x/p/k?pid=SHTGJQA64RP7ZA8N,Men Regular Fit Checkered Spread Collar Casual Shirt,Men Regular Fit Checkered Spread Collar Casual Shirt
https://www.flipkart.com/x/p/k?pid=SHTGJQA6RGMYFZGE,https://www.flipkart.com/x/p/k?pid=SHTGJQA6GD5YTGQD,Men Regular Fit Checkered Spread Collar Casual Shirt,Men Regular Fit Checkered Spread Collar Casual Shirt
https://www.flipkart.com/x/p/k?pid=SHTGJQA63ZBKRDUK,https://www.flipkart.com/x/p/k?pid=SHTGJQA6CJMT4PQB,Men Regular Fit Checkered Spread Collar Casual Shirt,Men Regular Fit Checkered Spread Collar Casual Shirt
https://www.flipkart.com/x/p/k?pid=SHTGJQA6HXEXT5WW,https://www.flipkart.com/x/p/k?pid=SHTGJQA6PZSHPEM9,Men Regular Fit Printed Spread Collar Casual Shirt,Men Regular Fit Printed Casual Shirt
https://www.flipkart.com/x/p/k?pid=SHTGJQA27QGRJMJG,https://www.flipkart.com/x/p/k?pid=SHTGJQA2SKGYFFUU,Men Regular Fit Printed Spread Collar Casual Shirt,Men Regular Fit Printed Spread Collar Casual Shirt
https://www.flipkart.com/x/p/k?pid=SHTGJQAEXR3WREAK,https://www.flipkart.com/x/p/k?pid=SHTGJQAE9AE4K539,Men Regular Fit Checkered Spread Collar Casual Shirt,Men Regular Fit Checkered Spread Collar Casual Shirt
https://www.flipkart.com/x/p/k?pid=SHTGJQA6VRRSGXCD,https://www.flipkart.com/x/p/k?pid=SHTGJQA67A8W6KQE,Men Regular Fit Checkered Spread Collar Casual Shirt,Men Regular Fit Checkered Spread Collar Casual Shirt
https://www.flipkart.com/x/p/k?pid=SHTGJQAYAB9XDDNR,https://www.flipkart.com/x/p/k?pid=SHTGJQAYVFHAPNKR,Men Regular Fit Checkered Spread Collar Casual Shirt,Men Regular Fit Checkered Spread Collar Casual Shirt
https://www.flipkart.com/x/p/k?pid=SHTGJQAFC4WAHA5Z,https://www.flipkart.com/x/p/k?pid=SHTGJQAFWRJAB9DP,Men Regular Fit Checkered Spread Collar Casual Shirt,Men Regular Fit Checkered Spread Collar Casual Shirt
https://www.flipkart.com/x/p/k?pid=SHTGJQAYGV5CJTSH,https://www.flipkart.com/x/p/k?pid=SHTGJQAYSZPNZSTX,Men Regular Fit Checkered Spread Collar Casual Shirt,Men Regular Fit Checkered Spread Collar Casual Shirt
https://www.flipkart.com/x/p/k?pid=SHTGJQA6BAREDR2G,https://www.flipkart.com/x/p/k?pid=SHTGJQA68ZGAQRMP,Men Regular Fit Checkered Spread Collar Casual Shirt,Men Regular Fit Checkered Spread Collar Casual Shirt
https://www.flipkart.com/x/p/k?pid=SHTGJQA6DASFUUJR,https://www.flipkart.com/x/p/k?pid=SHTGJQA6ZZPHPA4G,Men Regular Fit Printed Spread Collar Casual Shirt,Men Regular Fit Printed Spread Collar Casual Shirt
https://www.flipkart.com/x/p/k?pid=SHTGJQAFGKYGZPD9,https://www.flipkart.com/x/p/k?pid=SHTGJQAFCMS9QWHA,Men Regular Fit Checkered Spread Collar Casual Shirt,Men Regular Fit Checkered Spread Collar Casual Shirt
https://www.flipkart.com/x/p/k?pid=SHTGJQAA5SHJKKRD,https://www.flipkart.com/x/p/k?pid=SHTGJQAAHFHDHS9H,Men Regular Fit Checkered Spread Collar Casual Shirt,Men Regular Fit Checkered Spread Collar Casual Shirt
https://www.flipkart.com/x/p/k?pid=SHTGJQAFFNGVBSRC,https://www.flipkart.com/x/p/k?pid=SHTGJQAFGHFGYZH5,Men Regular Fit Printed Spread Collar Casual Shirt,Men Regular Fit Printed Casual Shirt
https://www.flipkart.com/x/p/k?pid=SHTGJQA6YBHTE2GA,https://www.flipkart.com/x/p/k?pid=SHTGJQA6XZ2JQHNS,Men Regular Fit Printed Spread Collar Casual Shirt,Men Regular Fit Printed Casual Shirt
https://www.flipkart.com/x/p/k?pid=SHTGJQA67Z94CE6M,https://www.flipkart.com/x/p/k?pid=SHTGJQA6248TQUSC,Men Regular Fit Printed Spread Collar Casual Shirt,Men Regular Fit Printed Spread Collar Casual Shirt
https://www.flipkart.com/x/p/k?pid=SHTGJQA6RYYZGHER,https://www.flipkart.com/x/p/k?pid=SHTGJQA6WXMGHCNA,Men Regular Fit Printed Spread Collar Casual Shirt,Men Regular Fit Printed Spread Collar Casual Shirt
https://www.flipkart.com/x/p/k?pid=SHTGJQA6N68VSVQM,https://www.flipkart.com/x/p/k?pid=SHTGJQA6Z7Y5ZGWV,Men Regular Fit Printed Spread Collar Casual Shirt,Men Regular Fit Printed Spread Collar Casual Shirt
https://www.flipkart.com/x/p/k?pid=SHTGJQAEN5YTYYWU,https://www.flipkart.com/x/p/k?pid=SHTGJQAEAKXX85NT,Men Regular Fit Printed Spread Collar Casual Shirt,Men Regular Fit Printed Spread Collar Casual Shirt
https://www.flipkart.com/x/p/k?pid=SHTGJQA6SHJWG9YN,https://www.flipkart.com/x/p/k?pid=SHTGJQA6JTYHSN3N,Men Regular Fit Checkered Spread Collar Casual Shirt,Men Regular Fit Checkered Casual Shirt
https://www.flipkart.com/x/p/k?pid=SHTGJQA6PVQENNVW,https://www.flipkart.com/x/p/k?pid=SHTGJQA6TCZEEJFY,Men Regular Fit Checkered Spread Collar Casual Shirt,Men Regular Fit Checkered Spread Collar Casual Shirt
https://www.flipkart.com/x/p/k?pid=SHTGJQA6HNVYZE9W,https://www.flipkart.com/x/p/k?pid=SHTGJQA62JVTYF5B,Men Regular Fit Checkered Spread Collar Casual Shirt,Men Regular Fit Checkered Spread Collar Casual Shirt
https://www.flipkart.com/x/p/k?pid=SHTGJQAFKRKGKGBP,https://www.flipkart.com/x/p/k?pid=SHTGJQAF2REMHGE8,Men Regular Fit Checkered Spread Collar Casual Shirt,Men Regular Fit Checkered Spread Collar Casual Shirt
https://www.flipkart.com/x/p/k?pid=SHTGJQAFSFCHZVH9,https://www.flipkart.com/x/p/k?pid=SHTGJQAFZ7VWTGAX,Men Regular Fit Checkered Spread Collar Casual Shirt,Men Regular Fit Checkered Spread Collar Casual Shirt
https://www.flipkart.com/x/p/k?pid=SHTGJQAFAWNVUNUR,https://www.flipkart.com/x/p/k?pid=SHTGJQAFGJF6PH8W,Men Regular Fit Checkered Spread Collar Casual Shirt,Men Regular Fit Checkered Spread Collar Casual Shirt
https://www.flipkart.com/x/p/k?pid=SHTGJQA2SFRZS8SQ,https://www.flipkart.com/x/p/k?pid=SHTGJQA2HHG68YY3,Men Regular Fit Printed Spread Collar Casual Shirt,Men Regular Fit Printed Spread Collar Casual Shirt
https://www.flipkart.com/x/p/k?pid=SHTGJQA23GSNGEHY,https://www.flipkart.com/x/p/k?pid=SHTGJQA2PD6JHHS7,Men Regular Fit Printed Spread Collar Casual Shirt,Men Regular Fit Printed Spread Collar Casual Shirt
https://www.flipkart.com/x/p/k?pid=SHTGJQA6GWZDTDZ8,https://www.flipkart.com/x/p/k?pid=SHTGJQA6AJP3PHCH,Men Regular Fit Checkered Spread Collar Casual Shirt,Men Regular Fit Checkered Spread Collar Casual Shirt
https://www.flipkart.com/x/p/k?pid=SHTGJQAARRC6BNGR,https://www.flipkart.com/x/p/k?pid=SHTGJQAAZZ8HZKQB,Men Regular Fit Checkered Spread Collar Casual Shirt,Men Regular Fit Checkered Spread Collar Casual Shirt
https://www.flipkart.com/x/p/k?pid=SHTGJQA6Y5MJNQH4,https://www.flipkart.com/x/p/k?pid=SHTGJQA63JVV9YAX,Men Regular Fit Checkered Spread Collar Casual Shirt,Men Regular Fit Checkered Spread Collar Casual Shirt
https://www.flipkart.com/x/p/k?pid=TSHGG4FJGF2KWZMH,https://www.flipkart.com/x/p/k?pid=JCKGKRNSDSBJUH6G,Levi'sMen's Crew Neck T-Shirt Men Graphic Print Crew Neck Blue T-Shirt,Men Printed Casual Jacket
https://www.flipkart.com/x/p/k?pid=TSHGG4FJGF2KWZMH,https://www.flipkart.com/x/p/k?pid=JCKGKRQSNKDJ2WBW,Levi'sMen's Crew Neck T-Shirt Men Graphic Print Crew Neck Blue T-Shirt,Men Printed Casual Jacket
https://www.flipkart.com/x/p/k?pid=TSHGG4FJGF2KWZMH,https://www.flipkart.com/x/p/k?pid=JCKGKRQ8KCJWXX9H,Levi'sMen's Crew Neck T-Shirt Men Graphic Print Crew Neck Blue T-Shirt,Men Printed Casual Jacket
https://www.flipkart.com/x/p/k?pid=TSHGG4FJK5WQSSSH,https://www.flipkart.com/x/p/k?pid=JCKGKRNSHU8TUZKV,Levi'sMen's Crew Neck T-Shirt Men Graphic Print Crew Neck Blue T-Shirt,Men Printed Casual Jacket
https://www.flipkart.com/x/p/k?pid=TSHGC4TWAYSQCGVZ,https://www.flipkart.com/x/p/k?pid=JCKGKRRHERBKRKJD,"Men Color Block Round Neck Black, Grey T-Shirt",Men Floral Print Casual Jacket
https://www.flipkart.com/x/p/k?pid=TSHGG4FJGF2KWZMH,https://www.flipkart.com/x/p/k?pid=JCKGKRQJYF2G9UNH,Levi'sMen's Crew Neck T-Shirt Men Graphic Print Crew Neck Blue T-Shirt,Men Printed Casual Jacket
https://www.flipkart.com/x/p/k?pid=TSHGG4FJGF2KWZMH,https://www.flipkart.com/x/p/k?pid=JCKGKRQ8RGVFGPGR,Levi'sMen's Crew Neck T-Shirt Men Graphic Print Crew Neck Blue T-Shirt,Men Camouflage Casual Jacket
https://www.flipkart.com/x/p/k?pid=TSHGG4FJGF2KWZMH,https://www.flipkart.com/x/p/k?pid=JCKGKRNSYDWSHFZF,Levi'sMen's Crew Neck T-Shirt Men Graphic Print Crew Neck Blue T-Shirt,Men Floral Print Casual Jacket
https://www.flipkart.com/x/p/k?pid=TSHGEPW7FKH7GWPF,https://www.flipkart.com/x/p/k?pid=JCKGKRNSTXZD5CQW,Men Printed Round Neck Multicolor T-Shirt,Men Floral Print Casual Jacket
https://www.flipkart.com/x/p/k?pid=SWSGAGT39PJG7UKC,https://www.flipkart.com/x/p/k?pid=SWSGAGT3YF4DPZJB,Women Full Sleeve Printed Sweatshirt,Women Full Sleeve Printed Sweatshirt
https://www.flipkart.com/x/p/k?pid=SWSGKC8XD5VH8NAJ,https://www.flipkart.com/x/p/k?pid=SWSGJPSFTJFHXXG7,Women Full Sleeve Printed Hooded Sweatshirt,Men Full Sleeve Printed Hooded Sweatshirt
https://www.flipkart.com/x/p/k?pid=SWSGKGT5X8BXBXW9,https://www.flipkart.com/x/p/k?pid=SWSGKGT54GHYT8GR,Men Full Sleeve Printed Hooded Sweatshirt,Men Full Sleeve Printed Hooded Sweatshirt
https://www.flipkart.com/x/p/k?pid=SWSGG4B3Y7CEFMAC,https://www.flipkart.com/x/p/k?pid=SWSGJNXUKVVYY8ZM,Men Full Sleeve Solid Hooded Sweatshirt,Men Full Sleeve Printed Hooded Sweatshirt
https://www.flipkart.com/x/p/k?pid=TSHGADR2TWDMSSNG,https://www.flipkart.com/x/p/k?pid=SWSGG4B3UKVVBXCJ,Printed Men Crew Neck Dark Blue T-Shirt,Men Full Sleeve Solid Hooded Sweatshirt
https://www.flipkart.com/x/p/k?pid=TSHGJMM79AHMH3HH,https://www.flipkart.com/x/p/k?pid=SWSGJVKCZCY2MHJZ,Stylish Women's Printed T Shirt Polyester Women's Casual Wear White T Shirts Men Printed Round Neck White T-Shirt,Men Full Sleeve Printed Hooded Sweatshirt
,https://www.flipkart.com/x/p/k?pid=SWSGAHYBAJQN3YYD,NA,Men Full Sleeve Printed Sweatshirt
https://www.flipkart.com/x/p/k?pid=TOPG6JG6YCPEWKEE,https://www.flipkart.com/x/p/k?pid=SWSG9XVG6SHCRQ5Z,Casual Bell Sleeves Embroidered Women Black Top,Women Full Sleeve Printed Sweatshirt
https://www.flipkart.com/x/p/k?pid=TOPG36FNDSGKHJ8H,https://www.flipkart.com/x/p/k?pid=DREGAV2FVX38ZYD5,Casual Regular Sleeves Printed Women Multicolor Top,Women T Shirt Orange Dress
https://www.flipkart.com/x/p/k?pid=PANFWRRESHTMDCPW,https://www.flipkart.com/x/p/k?pid=TSHGFPHMGJMFPFXF,"Pack of 3 Women Hipster Blue, Maroon, Black Panty",Men Printed Round Neck Black T-Shirt
https://www.flipkart.com/x/p/k?pid=KTAFZ9ACYUHSWTRR,https://www.flipkart.com/x/p/k?pid=TSHGFH8UYCGEEXHK,Women Printed Crepe Straight Kurta  (Blue),Men Printed Polo Neck White T-Shirt
,https://www.flipkart.com/x/p/k?pid=DREGFSZAFDAXVTGG,NA,Women T Shirt Grey Dress
https://www.flipkart.com/x/p/k?pid=TSHGHYHFYXZFJRWJ,https://www.flipkart.com/x/p/k?pid=TSHGGEZDX3BY5ANM,Men Typography Polo Neck Dark Green T-Shirt,Men Solid Polo Neck Multicolor T-Shirt
https://www.flipkart.com/x/p/k?pid=TSHGDRHDKQME9NWD,https://www.flipkart.com/x/p/k?pid=TSHGBGBFVKHAKGGQ,Men Striped Polo Neck Green T-Shirt,Men Printed Round Neck Black T-Shirt
,https://www.flipkart.com/x/p/k?pid=TOPGCYVHC9BNHMYA,NA,Casual Regular Sleeves Printed Women Brown Top
https://www.flipkart.com/x/p/k?pid=TSHGEMZNXH3VCZMN,https://www.flipkart.com/x/p/k?pid=TSHGDYZFBS42MEAJ,Men Printed Round Neck Yellow T-Shirt,Men Printed Round Neck Yellow T-Shirt
https://www.flipkart.com/x/p/k?pid=TSHGF9VAMCDHCNRE,https://www.flipkart.com/x/p/k?pid=TSHGF9VAK2X88QBR,Women Printed Round Neck Black T-Shirt,Women Printed Round Neck Black T-Shirt
https://www.flipkart.com/x/p/k?pid=TSHFPJJQBZQGATYX,https://www.flipkart.com/x/p/k?pid=TSHGEMR7EDZ2GWXR,Men Color Block Hooded Neck Yellow T-Shirt,Men Printed Round Neck Navy Blue T-Shirt
https://www.flipkart.com/x/p/k?pid=TSHGG4FJK5WQSSSH,https://www.flipkart.com/x/p/k?pid=TSHGENUQTQANFZZC,Levi'sMen's Crew Neck T-Shirt Men Graphic Print Crew Neck Blue T-Shirt,Men Printed Round Neck Purple T-Shirt
https://www.flipkart.com/x/p/k?pid=SWSG9XVGVF8SBKNU,https://www.flipkart.com/x/p/k?pid=SWSG9XVGPWZU9ANA,Women Full Sleeve Printed Sweatshirt,Women Full Sleeve Printed Sweatshirt
https://www.flipkart.com/x/p/k?pid=SWSG9XVGUAYBQKFG,https://www.flipkart.com/x/p/k?pid=SWSG9XVGVQQDXGHB,Women Full Sleeve Printed Sweatshirt,Women Full Sleeve Printed Sweatshirt
